<?xml version="1.0" encoding="UTF-8"?>
<project-private xmlns="http://www.netbeans.org/ns/project-private/1">
    <editor-bookmarks xmlns="http://www.netbeans.org/ns/editor-bookmarks/2" lastBookmarkId="0"/>
    <open-files xmlns="http://www.netbeans.org/ns/projectui-open-files/2">
        <group>
            <file>file:/C:/Users/natal/Downloads/ci-news-20230525T173355Z-001/ci-news/app/Views/news/create.php</file>
            <file>file:/C:/Users/natal/Downloads/ci-news-20230525T173355Z-001/ci-news/app/Controllers/Users.php</file>
            <file>file:/C:/Users/natal/Downloads/ci-news-20230525T173355Z-001/ci-news/app/Views/users/doctores.php</file>
            <file>file:/C:/Users/natal/Downloads/ci-news-20230525T173355Z-001/ci-news/app/Views/users/view.php</file>
            <file>file:/C:/Users/natal/Downloads/ci-news-20230525T173355Z-001/ci-news/app/Views/templates/footer.php</file>
            <file>file:/C:/Users/natal/Downloads/ci-news-20230525T173355Z-001/ci-news/app/Config/View.php</file>
            <file>file:/C:/Users/natal/Downloads/ci-news-20230525T173355Z-001/ci-news/app/Views/news/success.php</file>
            <file>file:/C:/Users/natal/Downloads/ci-news-20230525T173355Z-001/ci-news/app/Views/users/index.php</file>
            <file>file:/C:/Users/natal/Downloads/ci-news-20230525T173355Z-001/ci-news/app/Models/UserModel.php</file>
            <file>file:/C:/Users/natal/Downloads/ci-news-20230525T173355Z-001/ci-news/app/Config/Validation.php</file>
            <file>file:/C:/Users/natal/Downloads/ci-news-20230525T173355Z-001/ci-news/app/Config/UserAgents.php</file>
            <file>file:/C:/Users/natal/Downloads/ci-news-20230525T173355Z-001/ci-news/app/Models/DoctorModel.php</file>
            <file>file:/C:/Users/natal/Downloads/ci-news-20230525T173355Z-001/ci-news/app/Views/news/view.php</file>
            <file>file:/C:/Users/natal/Downloads/ci-news-20230525T173355Z-001/ci-news/app/Views/templates/header.php</file>
            <file>file:/C:/Users/natal/Downloads/ci-news-20230525T173355Z-001/ci-news/app/Controllers/Doctor.php</file>
            <file>file:/C:/Users/natal/Downloads/ci-news-20230525T173355Z-001/ci-news/app/Models/NewsModel.php</file>
            <file>file:/C:/Users/natal/Downloads/ci-news-20230525T173355Z-001/ci-news/app/Views/news/index.php</file>
            <file>file:/C:/Users/natal/Downloads/ci-news-20230525T173355Z-001/ci-news/app/Config/Routes.php</file>
            <file>file:/C:/Users/natal/Downloads/ci-news-20230525T173355Z-001/ci-news/app/Controllers/Pages.php</file>
            <file>file:/C:/Users/natal/Downloads/ci-news-20230525T173355Z-001/ci-news/app/Controllers/News.php</file>
        </group>
    </open-files>
</project-private>
